<?xml version="1.0" encoding="utf-8"?>
<extension type="component" method="upgrade" version="3">
	<name>com_phocaphoto</name>
	<author>Jan Pavelka (www.phoca.cz)</author>
	<creationDate>28/02/2019</creationDate>
	<authorEmail></authorEmail>
	<authorUrl>https://www.phoca.cz</authorUrl>
	<copyright>Jan Pavelka</copyright>
	<license>GNU/GPL</license>
	<version>3.0.2</version>
	<description>COM_PHOCAPHOTO_XML_DESCRIPTION</description>
	<scriptfile>script.php</scriptfile>
	<projectName>PhocaPhoto</projectName>

	<install>
		<sql>
			<file driver="mysql" charset="utf8">install/sql/mysql/install.utf8.sql</file>
		</sql>
	</install>

	<uninstall>
		<sql>
			<file driver="mysql" charset="utf8">install/sql/mysql/uninstall.utf8.sql</file>
		</sql>
	</uninstall>

	<update>
		<schemas>
			<schemapath type="mysql">update/sql/mysql</schemapath>
		</schemas>
	</update>

	<files folder="site">
		<folder>controllers</folder>
		<folder>helpers</folder>
		<folder>models</folder>
		<folder>views</folder>
		<filename>controller.php</filename>
		<filename>index.html</filename>
		<filename>phocaphoto.php</filename>
		<filename>router.php</filename>
	</files>

	<media destination="com_phocaphoto" folder="media">
		<folder>bootstrap</folder>
		<folder>css</folder>
		<folder>images</folder>
		<folder>js</folder>
		<filename>index.html</filename>
	</media>

	<languages folder="admin/language">
		<language tag="en-GB" client="site">en-GB/en-GB.com_phocaphoto.ini</language>
		<language tag="en-GB" client="site">en-GB/en-GB.com_phocaphoto.sys.ini</language>
	</languages>

	<administration>

		<menu img="media/com_phocaphoto/images/administrator/icon-16-ph-menu.png" alt="COM_PHOCAPHOTO" link="option=com_phocaphoto">COM_PHOCAPHOTO</menu>

			<submenu>
				<menu img="media/com_phocaphoto/images/administrator/icon-16-ph-control-panel.png" alt="COM_PHOCAPHOTO_CONTROLPANEL" view="phocaphotocp" link="option=com_phocaphoto">COM_PHOCAPHOTO_CONTROLPANEL</menu>
				<menu img="media/com_phocaphoto/images/administrator/icon-16-ph-menu-info.png" alt="COM_PHOCAPHOTO_INFO" view="phocaphotoinfo" link="option=com_phocaphoto&amp;view=phocaphotoinfo">COM_PHOCAPHOTO_INFO</menu>
			</submenu>

		<files folder="admin">
			<folder>controllers</folder>
			<folder>help</folder>
			<folder>helpers</folder>
			<folder>install</folder>
			<folder>models</folder>
			<folder>tables</folder>
			<folder>update</folder>
			<folder>views</folder>
			<filename>access.xml</filename>
			<filename>config.xml</filename>
			<filename>controller.php</filename>
			<filename>index.html</filename>
			<filename>phocaphoto.php</filename>
		</files>

		<languages folder="admin/language">
			<language tag="en-GB">en-GB/en-GB.com_phocaphoto.ini</language>
			<language tag="en-GB">en-GB/en-GB.com_phocaphoto.sys.ini</language>
		</languages>
	</administration>
	
	

	<updateservers>
		<server type="extension" name="COM_PHOCAPHOTO" priority="1"><![CDATA[https://raw.githubusercontent.com/PhocaCz/PhocaPhoto/master/manifest.xml]]></server>
	</updateservers>
</extension>
